{"cameraMode":{"drawMode":0,"name":"Shaded","section":"Shading Mode"},"sceneLighting":true,"audioPlay":false,"sceneViewState":{"showFog":false,"showMaterialUpdate":true,"showSkybox":true,"showFlares":true,"showImageEffects":true,"showParticleSystems":true},"in2DMode":false,"pivot":{"x":0.6137866973876953,"y":-0.054990530014038089,"z":-0.027370929718017579},"rotation":{"x":-0.03165646642446518,"y":0.9616113305091858,"z":-0.2417629510164261,"w":-0.1259131282567978},"size":2.2212138175964357,"orthographic":false}